{"options":{"awareOfChrome":false,"check_for_updates":true,"comment":null,"compat_arrayleft":false,"compat_foreach":false,"compat_forvarin":false,"compat_metadata":false,"compat_uW_gmonkey":false,"compat_wrappedjsobject":false,"compatopts_for_requires":true,"noframes":null,"override":{"merge_connects":true,"merge_excludes":true,"merge_includes":true,"merge_matches":true,"orig_excludes":[],"orig_includes":[],"orig_matches":["*://github.com/*"],"orig_noframes":null,"orig_run_at":"document-idle","use_blockers":[],"use_connects":[],"use_excludes":[],"use_includes":[],"use_matches":[]},"run_at":null},"settings":{"enabled":true,"position":7},"meta":{"name":"Github 镜像访问，加速下载","uuid":"6caae8ed-8394-4492-801d-298f128d877a","modified":1599721306671,"file_url":"https://greasyfork.org/scripts/398278-github-%E9%95%9C%E5%83%8F%E8%AE%BF%E9%97%AE-%E5%8A%A0%E9%80%9F%E4%B8%8B%E8%BD%BD/code/Github%20%E9%95%9C%E5%83%8F%E8%AE%BF%E9%97%AE%EF%BC%8C%E5%8A%A0%E9%80%9F%E4%B8%8B%E8%BD%BD.user.js"}}