{"options":{"awareOfChrome":false,"check_for_updates":true,"comment":null,"compat_arrayleft":false,"compat_foreach":false,"compat_forvarin":false,"compat_metadata":false,"compat_uW_gmonkey":false,"compat_wrappedjsobject":false,"compatopts_for_requires":true,"noframes":null,"override":{"merge_connects":true,"merge_excludes":true,"merge_includes":true,"merge_matches":true,"orig_excludes":[],"orig_includes":["*://leetcode-cn.com/problems/*","*://leetcode.com/problems/*"],"orig_matches":[],"orig_noframes":null,"orig_run_at":"document-idle","use_blockers":[],"use_connects":[],"use_excludes":[],"use_includes":[],"use_matches":[]},"run_at":null},"settings":{"enabled":true,"position":18},"meta":{"name":"leetcode题解助手","uuid":"b81bf7dc-1245-4b27-a058-551945a8c9ee","modified":1599723405561,"file_url":"https://greasyfork.org/scripts/386679-leetcode%E9%A2%98%E8%A7%A3%E5%8A%A9%E6%89%8B/code/leetcode%E9%A2%98%E8%A7%A3%E5%8A%A9%E6%89%8B.user.js"}}