{"options":{"awareOfChrome":false,"check_for_updates":true,"comment":null,"compat_arrayleft":false,"compat_foreach":false,"compat_forvarin":false,"compat_metadata":false,"compat_uW_gmonkey":false,"compat_wrappedjsobject":false,"compatopts_for_requires":true,"noframes":null,"override":{"merge_connects":true,"merge_excludes":true,"merge_includes":true,"merge_matches":true,"orig_excludes":[],"orig_includes":[],"orig_matches":["*://tuchong.com/*"],"orig_noframes":null,"orig_run_at":"document-end","use_blockers":[],"use_connects":[],"use_excludes":[],"use_includes":[],"use_matches":[]},"run_at":null},"settings":{"enabled":true,"position":16},"meta":{"name":"©️ 微信公众号：100秒分享 | 百秒分享 | 图虫 图片下载 | ©️熊伟康 ｜QQ：1462947859 ｜ 微信：xiongwk2020","uuid":"f01465c1-cf9a-4b1a-993e-84617f971c69","modified":1599722893745,"file_url":"https://greasyfork.org/scripts/370196-%E5%BE%AE%E4%BF%A1%E5%85%AC%E4%BC%97%E5%8F%B7-100%E7%A7%92%E5%88%86%E4%BA%AB-%E7%99%BE%E7%A7%92%E5%88%86%E4%BA%AB-%E5%9B%BE%E8%99%AB-%E5%9B%BE%E7%89%87%E4%B8%8B%E8%BD%BD-%E7%86%8A%E4%BC%9F%E5%BA%B7-qq-1462947859-%E5%BE%AE%E4%BF%A1-xiongwk2020/code/%C2%A9%EF%B8%8F%20%E5%BE%AE%E4%BF%A1%E5%85%AC%E4%BC%97%E5%8F%B7%EF%BC%9A100%E7%A7%92%E5%88%86%E4%BA%AB%20%7C%20%E7%99%BE%E7%A7%92%E5%88%86%E4%BA%AB%20%7C%20%20%E5%9B%BE%E8%99%AB%20%E5%9B%BE%E7%89%87%E4%B8%8B%E8%BD%BD%20%7C%20%20%C2%A9%EF%B8%8F%E7%86%8A%E4%BC%9F%E5%BA%B7%20%EF%BD%9CQQ%EF%BC%9A1462947859%20%EF%BD%9C%20%E5%BE%AE%E4%BF%A1%EF%BC%9Axiongwk2020.user.js"}}