{"options":{"awareOfChrome":false,"check_for_updates":true,"comment":null,"compat_arrayleft":false,"compat_foreach":false,"compat_forvarin":false,"compat_metadata":false,"compat_uW_gmonkey":false,"compat_wrappedjsobject":false,"compatopts_for_requires":true,"noframes":null,"override":{"merge_connects":true,"merge_excludes":true,"merge_includes":true,"merge_matches":true,"orig_excludes":[],"orig_includes":[],"orig_matches":["*zh.wikipedia.org/*","*zh.m.wikipedia.org/*"],"orig_noframes":null,"orig_run_at":"document-idle","use_blockers":[],"use_connects":[],"use_excludes":[],"use_includes":[],"use_matches":[]},"run_at":null},"settings":{"enabled":true,"position":24},"meta":{"name":"中文维基百科优先简体中文","uuid":"d86e15fd-5e8d-4be2-84bd-66d254531af9","modified":1604035905845,"file_url":"https://greasyfork.org/scripts/391554-%E4%B8%AD%E6%96%87%E7%BB%B4%E5%9F%BA%E7%99%BE%E7%A7%91%E4%BC%98%E5%85%88%E7%AE%80%E4%BD%93%E4%B8%AD%E6%96%87/code/%E4%B8%AD%E6%96%87%E7%BB%B4%E5%9F%BA%E7%99%BE%E7%A7%91%E4%BC%98%E5%85%88%E7%AE%80%E4%BD%93%E4%B8%AD%E6%96%87.user.js"}}