{"options":{"awareOfChrome":false,"check_for_updates":true,"comment":null,"compat_arrayleft":false,"compat_foreach":false,"compat_forvarin":false,"compat_metadata":false,"compat_uW_gmonkey":false,"compat_wrappedjsobject":false,"compatopts_for_requires":true,"noframes":null,"override":{"merge_connects":true,"merge_excludes":true,"merge_includes":true,"merge_matches":true,"orig_excludes":[],"orig_includes":[],"orig_matches":["https://hao.360.com/","https://www.so.com/*"],"orig_noframes":null,"orig_run_at":"document-idle","use_blockers":[],"use_connects":[],"use_excludes":[],"use_includes":[],"use_matches":[]},"run_at":null},"settings":{"enabled":true,"position":13},"meta":{"name":"去360流氓广告","uuid":"86662244-57af-49c8-84de-fb4501b912b9","modified":1599722392171,"file_url":"https://greasyfork.org/scripts/398685-%E5%8E%BB360%E6%B5%81%E6%B0%93%E5%B9%BF%E5%91%8A/code/%E5%8E%BB360%E6%B5%81%E6%B0%93%E5%B9%BF%E5%91%8A.user.js"}}