{"options":{"awareOfChrome":false,"check_for_updates":true,"comment":null,"compat_arrayleft":false,"compat_foreach":false,"compat_forvarin":false,"compat_metadata":false,"compat_uW_gmonkey":false,"compat_wrappedjsobject":false,"compatopts_for_requires":true,"noframes":null,"override":{"merge_connects":true,"merge_excludes":true,"merge_includes":true,"merge_matches":true,"orig_excludes":[],"orig_includes":[],"orig_matches":["https://pan.baidu.com/share/*","https://www.52pojie.cn/thread-*"],"orig_noframes":null,"orig_run_at":"document-idle","use_blockers":[],"use_connects":[],"use_excludes":[],"use_includes":[],"use_matches":[]},"run_at":null},"settings":{"enabled":true,"position":11},"meta":{"name":"吾爱破解之识别百度网盘链接并自动填写密码","uuid":"ff6f4e9f-5d25-4ae2-8681-13bdcac6ed4b","modified":1599721523472,"file_url":"https://greasyfork.org/scripts/402315-%E5%90%BE%E7%88%B1%E7%A0%B4%E8%A7%A3%E4%B9%8B%E8%AF%86%E5%88%AB%E7%99%BE%E5%BA%A6%E7%BD%91%E7%9B%98%E9%93%BE%E6%8E%A5%E5%B9%B6%E8%87%AA%E5%8A%A8%E5%A1%AB%E5%86%99%E5%AF%86%E7%A0%81/code/%E5%90%BE%E7%88%B1%E7%A0%B4%E8%A7%A3%E4%B9%8B%E8%AF%86%E5%88%AB%E7%99%BE%E5%BA%A6%E7%BD%91%E7%9B%98%E9%93%BE%E6%8E%A5%E5%B9%B6%E8%87%AA%E5%8A%A8%E5%A1%AB%E5%86%99%E5%AF%86%E7%A0%81.user.js"}}