{"options":{"awareOfChrome":false,"check_for_updates":true,"comment":null,"compat_arrayleft":false,"compat_foreach":false,"compat_forvarin":false,"compat_metadata":false,"compat_uW_gmonkey":false,"compat_wrappedjsobject":false,"compatopts_for_requires":true,"noframes":null,"override":{"merge_connects":true,"merge_excludes":true,"merge_includes":true,"merge_matches":true,"orig_excludes":[],"orig_includes":[],"orig_matches":["*://*.tuchong.com/*","*://tuchong.com/*"],"orig_noframes":null,"orig_run_at":"document-idle","use_blockers":[],"use_connects":[],"use_excludes":[],"use_includes":[],"use_matches":[]},"run_at":null},"settings":{"enabled":true,"position":15},"meta":{"name":"图虫网图片下载","uuid":"17955e4d-6f31-4d3f-82d6-cdf2faca7500","modified":1599722675364,"file_url":"https://greasyfork.org/scripts/399646-%E5%9B%BE%E8%99%AB%E7%BD%91%E5%9B%BE%E7%89%87%E4%B8%8B%E8%BD%BD/code/%E5%9B%BE%E8%99%AB%E7%BD%91%E5%9B%BE%E7%89%87%E4%B8%8B%E8%BD%BD.user.js"}}