{"options":{"awareOfChrome":false,"check_for_updates":true,"comment":null,"compat_arrayleft":false,"compat_foreach":false,"compat_forvarin":false,"compat_metadata":false,"compat_uW_gmonkey":false,"compat_wrappedjsobject":false,"compatopts_for_requires":true,"noframes":null,"override":{"merge_connects":true,"merge_excludes":true,"merge_includes":true,"merge_matches":true,"orig_excludes":[],"orig_includes":["*"],"orig_matches":["*"],"orig_noframes":null,"orig_run_at":"document-idle","use_blockers":[],"use_connects":[],"use_excludes":[],"use_includes":[],"use_matches":[]},"run_at":null},"settings":{"enabled":true,"position":20},"meta":{"name":"护眼模式/Eye-protection Mode","uuid":"e1f16aec-c926-4f06-a170-8d8573f45b3c","modified":1603770081977,"file_url":"https://greasyfork.org/scripts/408781-%E6%8A%A4%E7%9C%BC%E6%A8%A1%E5%BC%8F-eye-protection-mode/code/%E6%8A%A4%E7%9C%BC%E6%A8%A1%E5%BC%8FEye-protection%20Mode.user.js"}}