{"options":{"awareOfChrome":false,"check_for_updates":true,"comment":null,"compat_arrayleft":false,"compat_foreach":false,"compat_forvarin":false,"compat_metadata":false,"compat_uW_gmonkey":false,"compat_wrappedjsobject":false,"compatopts_for_requires":true,"noframes":null,"override":{"merge_connects":true,"merge_excludes":true,"merge_includes":true,"merge_matches":true,"orig_excludes":[],"orig_includes":[],"orig_matches":["https://*/*","http://*/*"],"orig_noframes":null,"orig_run_at":"document-end","use_blockers":[],"use_connects":[],"use_excludes":[],"use_includes":[],"use_matches":[]},"run_at":null},"settings":{"enabled":false,"position":21},"meta":{"name":"新标签页打开","uuid":"07ace55f-4407-49a2-a283-c950aa270dd1","modified":1599723892543,"file_url":"https://greasyfork.org/scripts/32549-%E6%96%B0%E6%A0%87%E7%AD%BE%E9%A1%B5%E6%89%93%E5%BC%80/code/%E6%96%B0%E6%A0%87%E7%AD%BE%E9%A1%B5%E6%89%93%E5%BC%80.user.js"}}