{"options":{"awareOfChrome":false,"check_for_updates":true,"comment":null,"compat_arrayleft":false,"compat_foreach":false,"compat_forvarin":false,"compat_metadata":false,"compat_uW_gmonkey":false,"compat_wrappedjsobject":false,"compatopts_for_requires":true,"noframes":null,"override":{"merge_connects":true,"merge_excludes":true,"merge_includes":true,"merge_matches":true,"orig_excludes":[],"orig_includes":[],"orig_matches":["*://*/*"],"orig_noframes":null,"orig_run_at":"document-end","use_blockers":[],"use_connects":[],"use_excludes":[],"use_includes":[],"use_matches":[]},"run_at":null},"settings":{"enabled":true,"position":10},"meta":{"name":"显示当前网站所有可用的油猴脚本【持续更新，放心使用！】","uuid":"68fb49cb-89a4-4b07-968b-3849d6faf66f","modified":1605848899556,"file_url":"https://greasyfork.org/scripts/403916-%E6%98%BE%E7%A4%BA%E5%BD%93%E5%89%8D%E7%BD%91%E7%AB%99%E6%89%80%E6%9C%89%E5%8F%AF%E7%94%A8%E7%9A%84%E6%B2%B9%E7%8C%B4%E8%84%9A%E6%9C%AC-%E6%8C%81%E7%BB%AD%E6%9B%B4%E6%96%B0-%E6%94%BE%E5%BF%83%E4%BD%BF%E7%94%A8/code/%E6%98%BE%E7%A4%BA%E5%BD%93%E5%89%8D%E7%BD%91%E7%AB%99%E6%89%80%E6%9C%89%E5%8F%AF%E7%94%A8%E7%9A%84%E6%B2%B9%E7%8C%B4%E8%84%9A%E6%9C%AC%E3%80%90%E6%8C%81%E7%BB%AD%E6%9B%B4%E6%96%B0%EF%BC%8C%E6%94%BE%E5%BF%83%E4%BD%BF%E7%94%A8%EF%BC%81%E3%80%91.user.js"}}