{"options":{"awareOfChrome":false,"check_for_updates":true,"comment":null,"compat_arrayleft":false,"compat_foreach":false,"compat_forvarin":false,"compat_metadata":false,"compat_uW_gmonkey":false,"compat_wrappedjsobject":false,"compatopts_for_requires":true,"noframes":null,"override":{"merge_connects":true,"merge_excludes":true,"merge_includes":true,"merge_matches":true,"orig_excludes":[],"orig_includes":["/https?\\:\\/\\/(pan|yun)\\.baidu\\.com.*/"],"orig_matches":[],"orig_noframes":null,"orig_run_at":"document-end","use_blockers":[],"use_connects":["bing.com"],"use_excludes":[],"use_includes":[],"use_matches":[]},"run_at":null},"settings":{"enabled":true,"position":25},"meta":{"name":"百度云插件+APIKey","uuid":"ffe234ee-dc1b-4500-9665-995723e87899","modified":1599724236473,"file_url":"https://greasyfork.org/scripts/496-%E7%99%BE%E5%BA%A6%E4%BA%91%E6%8F%92%E4%BB%B6-apikey/code/%E7%99%BE%E5%BA%A6%E4%BA%91%E6%8F%92%E4%BB%B6+APIKey.user.js"}}