{"options":{"awareOfChrome":false,"check_for_updates":true,"comment":null,"compat_arrayleft":false,"compat_foreach":false,"compat_forvarin":false,"compat_metadata":false,"compat_uW_gmonkey":false,"compat_wrappedjsobject":false,"compatopts_for_requires":true,"noframes":null,"override":{"merge_connects":true,"merge_excludes":true,"merge_includes":true,"merge_matches":true,"orig_excludes":[],"orig_includes":["*://wenku.baidu.com/view/*"],"orig_matches":[],"orig_noframes":null,"orig_run_at":"document-idle","use_blockers":[],"use_connects":[],"use_excludes":[],"use_includes":[],"use_matches":[]},"run_at":null},"settings":{"enabled":true,"position":9},"meta":{"name":"百度文库内容复制+文档下载🔥","uuid":"ea98ebc7-9fb0-444e-b7f5-2f3b4d64e396","modified":1607483567053,"file_url":"https://greasyfork.org/scripts/410700-%E7%99%BE%E5%BA%A6%E6%96%87%E5%BA%93%E5%86%85%E5%AE%B9%E5%A4%8D%E5%88%B6-%E6%96%87%E6%A1%A3%E4%B8%8B%E8%BD%BD/code/%E7%99%BE%E5%BA%A6%E6%96%87%E5%BA%93%E5%86%85%E5%AE%B9%E5%A4%8D%E5%88%B6+%E6%96%87%E6%A1%A3%E4%B8%8B%E8%BD%BD%F0%9F%94%A5.user.js"}}