{"options":{"awareOfChrome":false,"check_for_updates":true,"comment":null,"compat_arrayleft":false,"compat_foreach":false,"compat_forvarin":false,"compat_metadata":false,"compat_uW_gmonkey":false,"compat_wrappedjsobject":false,"compatopts_for_requires":true,"noframes":null,"override":{"merge_connects":true,"merge_excludes":true,"merge_includes":true,"merge_matches":true,"orig_excludes":[],"orig_includes":["*://www.baidu.com/s?*","*://ipv6.baidu.com/s?*","*://www.baidu.com/baidu?*","*://ipv6.baidu.com/baidu?*","*://www.baidu.com/","*://ipv6.baidu.com/"],"orig_matches":[],"orig_noframes":null,"orig_run_at":"document-start","use_blockers":[],"use_connects":[],"use_excludes":[],"use_includes":[],"use_matches":[]},"run_at":null},"settings":{"enabled":false,"position":5},"meta":{"name":"百度搜索去广告+百度页面美化+支持百度黑色主题【代码精简高效】","uuid":"bb853c90-ee80-487c-9bcb-976149968380","modified":1599721203986,"file_url":"https://greasyfork.org/scripts/406336-%E7%99%BE%E5%BA%A6%E6%90%9C%E7%B4%A2%E5%8E%BB%E5%B9%BF%E5%91%8A-%E7%99%BE%E5%BA%A6%E9%A1%B5%E9%9D%A2%E7%BE%8E%E5%8C%96-%E6%94%AF%E6%8C%81%E7%99%BE%E5%BA%A6%E9%BB%91%E8%89%B2%E4%B8%BB%E9%A2%98-%E4%BB%A3%E7%A0%81%E7%B2%BE%E7%AE%80%E9%AB%98%E6%95%88/code/%E7%99%BE%E5%BA%A6%E6%90%9C%E7%B4%A2%E5%8E%BB%E5%B9%BF%E5%91%8A+%E7%99%BE%E5%BA%A6%E9%A1%B5%E9%9D%A2%E7%BE%8E%E5%8C%96+%E6%94%AF%E6%8C%81%E7%99%BE%E5%BA%A6%E9%BB%91%E8%89%B2%E4%B8%BB%E9%A2%98%E3%80%90%E4%BB%A3%E7%A0%81%E7%B2%BE%E7%AE%80%E9%AB%98%E6%95%88%E3%80%91.user.js"}}