{"options":{"awareOfChrome":false,"check_for_updates":true,"comment":null,"compat_arrayleft":false,"compat_foreach":false,"compat_forvarin":false,"compat_metadata":false,"compat_uW_gmonkey":false,"compat_wrappedjsobject":false,"compatopts_for_requires":true,"noframes":null,"override":{"merge_connects":true,"merge_excludes":true,"merge_includes":true,"merge_matches":true,"orig_excludes":[],"orig_includes":[],"orig_matches":["*://www.hao123.com/*","*://www.2345.com/*","*://hao.360.com/*","*://123.sogou.com/*","*://hao.qq.com/*","*://daohang.qq.com/*","*://www.uc123.com/*","*://www.duba.com/*","*://www.newduba.cn/*"],"orig_noframes":null,"orig_run_at":"document-idle","use_blockers":[],"use_connects":[],"use_excludes":[],"use_includes":[],"use_matches":[]},"run_at":null},"settings":{"enabled":true,"position":14},"meta":{"name":"网址导航去广告","uuid":"849f5b4f-488c-4d5a-bd1a-b33a43bd44e3","modified":1599722453775,"file_url":"https://greasyfork.org/scripts/393949-%E7%BD%91%E5%9D%80%E5%AF%BC%E8%88%AA%E5%8E%BB%E5%B9%BF%E5%91%8A/code/%E7%BD%91%E5%9D%80%E5%AF%BC%E8%88%AA%E5%8E%BB%E5%B9%BF%E5%91%8A.user.js"}}