{"options":{"awareOfChrome":false,"check_for_updates":true,"comment":null,"compat_arrayleft":false,"compat_foreach":false,"compat_forvarin":false,"compat_metadata":false,"compat_prototypes":true,"compat_uW_gmonkey":false,"compat_wrappedjsobject":false,"compatopts_for_requires":true,"noframes":null,"override":{"merge_connects":true,"merge_excludes":true,"merge_includes":true,"merge_matches":true,"orig_excludes":[],"orig_includes":["http*://www.52pojie.cn/forum*","http*://www.52pojie.cn/thread*","*://pan.baidu.com/share/init?*","http*://bbs.zhiyoo.com/forum.php*","http*://www.right.com.cn/forum/*","http*://bbs.ydss.cn/thread-*","http*://bbs.ydss.cn/forum.php?mod=*"],"orig_matches":[],"orig_noframes":null,"orig_run_at":"document-idle","use_blockers":[],"use_connects":[],"use_excludes":[],"use_includes":[],"use_matches":[]},"run_at":null},"settings":{"enabled":true,"position":12},"meta":{"name":"论坛网盘链接免密提取","uuid":"ef338771-399e-4c1a-bd78-40dcf87f4e09","modified":1599721709044,"file_url":"https://greasyfork.org/scripts/30883-%E8%AE%BA%E5%9D%9B%E7%BD%91%E7%9B%98%E9%93%BE%E6%8E%A5%E5%85%8D%E5%AF%86%E6%8F%90%E5%8F%96/code/%E8%AE%BA%E5%9D%9B%E7%BD%91%E7%9B%98%E9%93%BE%E6%8E%A5%E5%85%8D%E5%AF%86%E6%8F%90%E5%8F%96.user.js"}}