{"options":{"awareOfChrome":false,"check_for_updates":true,"comment":null,"compat_arrayleft":false,"compat_foreach":false,"compat_forvarin":false,"compat_metadata":false,"compat_uW_gmonkey":false,"compat_wrappedjsobject":false,"compatopts_for_requires":true,"noframes":null,"override":{"merge_connects":true,"merge_excludes":true,"merge_includes":true,"merge_matches":true,"orig_excludes":[],"orig_includes":["https://www.google.*/interstitial?*"],"orig_matches":[],"orig_noframes":null,"orig_run_at":"document-idle","use_blockers":[],"use_connects":[],"use_excludes":[],"use_includes":[],"use_matches":[]},"run_at":null},"settings":{"enabled":true,"position":22},"meta":{"name":"跳过谷歌网页风险提醒","uuid":"98753dcf-dccd-43fa-b7ae-9861f388ae51","modified":1599723949351,"file_url":"https://greasyfork.org/scripts/37951-%E8%B7%B3%E8%BF%87%E8%B0%B7%E6%AD%8C%E7%BD%91%E9%A1%B5%E9%A3%8E%E9%99%A9%E6%8F%90%E9%86%92/code/%E8%B7%B3%E8%BF%87%E8%B0%B7%E6%AD%8C%E7%BD%91%E9%A1%B5%E9%A3%8E%E9%99%A9%E6%8F%90%E9%86%92.user.js"}}