{"options":{"awareOfChrome":false,"check_for_updates":true,"comment":null,"compat_arrayleft":false,"compat_foreach":false,"compat_forvarin":false,"compat_metadata":false,"compat_uW_gmonkey":false,"compat_wrappedjsobject":false,"compatopts_for_requires":true,"noframes":null,"override":{"merge_connects":true,"merge_excludes":true,"merge_includes":true,"merge_matches":true,"orig_excludes":[],"orig_includes":["*"],"orig_matches":[],"orig_noframes":null,"orig_run_at":"document-start","use_blockers":[],"use_connects":[],"use_excludes":[],"use_includes":[],"use_matches":[]},"run_at":null},"settings":{"enabled":true,"position":19},"meta":{"name":"页面平滑滚动","uuid":"201574bc-aad9-48f8-b009-973e46514d90","modified":1599723499855,"file_url":"https://greasyfork.org/scripts/399856-%E9%A1%B5%E9%9D%A2%E5%B9%B3%E6%BB%91%E6%BB%9A%E5%8A%A8/code/%E9%A1%B5%E9%9D%A2%E5%B9%B3%E6%BB%91%E6%BB%9A%E5%8A%A8.user.js"}}